Uid,Time(UTC),Order No,Symbol,Type,Side,Position Side,Price,Average Price,Amount,Executed Amount,Executed Quote Amount,Stop Price,Status,Client Order Id,Time In Force,Activate Price,Price Rate,Working Type,Price Protect,Update Time
38046426,2023-01-09 22:12:07,3520753310,MASKUSDT,LIMIT,BUY,0,2.63900000,,142,0,0,0,EXPIRED,3406213,IOC,0,0,Contract Price,FALSE,2023-01-09 22:12:07
38046426,2023-01-09 22:11:03,2311412795,ARUSDT,LIMIT,BUY,0,7.58700000,,40.7,0,0,0,EXPIRED,2336135,IOC,0,0,Contract Price,FALSE,2023-01-09 22:11:03
38046426,2023-01-09 20:53:35,13987035175,NEARUSDT,LIMIT,BUY,0,1.63500000,1.635,"1,759.00","1,759.00","2,875.97",0,FILLED,3404691,IOC,0,0,Contract Price,FALSE,2023-01-09 20:53:35
38046426,2023-01-09 21:04:48,1871827323,GTCUSDT,LIMIT,BUY,0,1.43900000,,666.7,0,0,0,EXPIRED,2334878,IOC,0,0,Contract Price,FALSE,2023-01-09 20:53:35
