Uid,Time(UTC),Order No,Symbol,Type,Side,Position Side,Price,Average Price,Amount,Executed Amount,Executed Quote Amount,Stop Price,Status,Client Order Id,Time In Force,Activate Price,Price Rate,Working Type,Price Protect,Update Time
38046426,2023/1/9 22:12,3520753310,MASKUSDT,LIMIT,BUY,0,2.639,,142,0,0,0,EXPIRED,3406213,IOC,0,0,Contract Price,FALSE,2023/1/9 22:12
38046426,2023/1/9 22:11,2311412795,ARUSDT,LIMIT,BUY,0,7.587,,40.7,0,0,0,EXPIRED,2336135,IOC,0,0,Contract Price,FALSE,2023/1/9 22:11
38046426,2023/1/9 20:53,13987035175,NEARUSDT,LIMIT,BUY,0,1.635,1.635,"1,759.00","1,759.00","2,875.97",0,FILLED,3404691,IOC,0,0,Contract Price,FALSE,2023/1/9 20:53
38046426,2023/1/9 21:04,1871827323,GTCUSDT,LIMIT,BUY,0,1.439,,666.7,0,0,0,EXPIRED,2334878,IOC,0,0,Contract Price,FALSE,2023/1/9 21:04
38046426,2023/1/9 19:31,4475697402,RLCUSDT,LIMIT,BUY,0,1.4108,,81.8,0,0,0,EXPIRED,3402137,IOC,0,0,Contract Price,FALSE,2023/1/9 19:31
38046426,2023/1/9 20:16,15921369510,VETUSDT,LIMIT,BUY,0,0.01758,0.01758,"142,294.00","142,294.00","2,501.53",0,FILLED,3403635,IOC,0,0,Contract Price,FALSE,2023/1/9 20:16
38046426,2023/1/9 20:06,10225079457,BANDUSDT,LIMIT,SELL,0,1.6144,1.61440148,439.5,439.5,709.52945,0,FILLED,2332848,IOC,0,0,Contract Price,FALSE,2023/1/9 20:06
38046426,2023/1/9 20:50,2054561293,IOTXUSDT,LIMIT,BUY,0,0.02459,0.02459,"4,268.00","4,268.00",104.95012,0,FILLED,3404597,IOC,0,0,Contract Price,FALSE,2023/1/9 20:50
38046426,2023/1/9 21:58,1274200618,DUSKUSDT,LIMIT,SELL,0,0.09172,,"2,903.00",0,0,0,EXPIRED,2335921,IOC,0,0,Contract Price,FALSE,2023/1/9 21:58
38046426,2023/1/9 21:03,1871826156,GTCUSDT,LIMIT,BUY,0,1.441,1.441,180.2,180.2,259.6682,0,FILLED,2334864,IOC,0,0,Contract Price,FALSE,2023/1/9 21:03
38046426,2023/1/9 20:11,2813973145,SFPUSDT,LIMIT,BUY,0,0.4182,0.4182,"1,287.00","1,287.00",538.2234,0,FILLED,3403299,IOC,0,0,Contract Price,FALSE,2023/1/9 20:11
38046426,2023/1/9 21:50,3149484796,HBARUSDT,LIMIT,SELL,0,0.04495,,"100,359.00",0,0,0,EXPIRED,2335852,IOC,0,0,Contract Price,FALSE,2023/1/9 21:50
38046426,2023/1/9 20:08,3462754355,UNFIUSDT,LIMIT,BUY,0,4.014,,972.9,0,0,0,EXPIRED,3403010,IOC,0,0,Contract Price,FALSE,2023/1/9 20:08
38046426,2023/1/9 22:02,8278344368,KAVAUSDT,LIMIT,BUY,0,0.7428,0.7428,641.6,498.6,370.36008,0,EXPIRED,3405920,IOC,0,0,Contract Price,FALSE,2023/1/9 22:02
